<?xml version="1.0" encoding="UTF-8"?>
<project-private xmlns="http://www.netbeans.org/ns/project-private/1">
    <editor-bookmarks xmlns="http://www.netbeans.org/ns/editor-bookmarks/2" lastBookmarkId="0"/>
    <open-files xmlns="http://www.netbeans.org/ns/projectui-open-files/2">
        <group>
            <file>file://infhomes1.einet.brad.ac.uk/kpomian/Desktop/PATProject/src/PATProject/PATTextUI.java</file>
            <file>file://infhomes1.einet.brad.ac.uk/kpomian/Desktop/PATProject/src/PATProject/PATDriver.java</file>
            <file>file://infhomes1.einet.brad.ac.uk/kpomian/Desktop/PATProject/src/PATProject/AddT.java</file>
            <file>file://infhomes1.einet.brad.ac.uk/kpomian/Desktop/PATProject/src/PATProject/DbConnect.java</file>
            <file>file://infhomes1.einet.brad.ac.uk/kpomian/Desktop/PATProject/src/PATProject/AddS.java</file>
        </group>
    </open-files>
</project-private>
